year,month,station,avgMaxTemp,avgMinTemp
1938,Nov,Helena,40,21
1938,Dec,Helena,37,16
1939,Jan,Helena,39,20
1939,Feb,Helena,28,8
1939,Nov,Helena,50,22
1939,Dec,Helena,42,20
1940,Jan,Helena,24,5
1940,Feb,Helena,35,16
1940,Nov,Helena,33,13
1940,Dec,Helena,38,19
1941,Jan,Helena,33,12
1941,Feb,Helena,40,15
1941,Nov,Helena,47,24
1941,Dec,Helena,34,15
1942,Jan,Helena,21,-1
1942,Feb,Helena,25,6
1942,Nov,Helena,41,21
1942,Dec,Helena,36,19
1943,Jan,Helena,17,-4
1943,Feb,Helena,34,10
1943,Nov,Helena,45,21
1943,Dec,Helena,34,12
1944,Jan,Helena,35,12
1944,Feb,Helena,35,11
1944,Nov,Helena,41,21
1944,Dec,Helena,27,5
1945,Jan,Helena,36,17
1945,Feb,Helena,37,16
1945,Nov,Helena,42,22
1945,Dec,Helena,31,12
1946,Jan,Helena,39,18
1946,Feb,Helena,40,21
1946,Nov,Helena,38,17
1946,Dec,Helena,36,17
1947,Jan,Helena,30,9
1947,Feb,Helena,37,17
1947,Nov,Helena,36,19
1947,Dec,Helena,35,19
1948,Jan,Helena,35,16
1948,Feb,Helena,31,10
1948,Nov,Helena,41,26
1948,Dec,Helena,23,3
1949,Jan,Helena,12,-11
1949,Feb,Helena,26,3
1949,Nov,Helena,52,28
1949,Dec,Helena,32,8
1950,Jan,Helena,13,-11
1950,Feb,Helena,40,21
1950,Nov,Helena,37,14
1950,Dec,Helena,36,17
1951,Jan,Helena,26,8
1951,Feb,Helena,36,14
1951,Nov,Helena,41,20
1951,Dec,Helena,25,4
1952,Jan,Helena,23,2
1952,Feb,Helena,34,12
1952,Nov,Helena,37,15
1952,Dec,Helena,32,13
1953,Jan,Helena,44,25
1953,Feb,Helena,39,21
1953,Nov,Helena,50,27
1953,Dec,Helena,41,22
1954,Jan,Helena,27,5
1954,Feb,Helena,43,26
1954,Nov,Helena,51,27
1954,Dec,Helena,33,13
1955,Jan,Helena,29,12
1955,Feb,Helena,32,10
1955,Nov,Helena,30,9
1955,Dec,Helena,29,9
1956,Jan,Helena,26,7
1956,Feb,Helena,30,7
1956,Nov,Helena,44,21
1956,Dec,Helena,38,18
1957,Jan,Helena,13,-9
1957,Feb,Helena,33,10
1957,Nov,Helena,41,23
1957,Dec,Helena,41,24
1958,Jan,Helena,38,18
1958,Feb,Helena,34,16
1958,Nov,Helena,43,19
1958,Dec,Helena,34,15
1959,Jan,Helena,31,10
1959,Feb,Helena,26,3
1959,Nov,Helena,36,12
1959,Dec,Helena,39,19
1960,Jan,Helena,26,6
1960,Feb,Helena,32,15
1960,Nov,Helena,44,23
1960,Dec,Helena,35,13
1961,Jan,Helena,39,16
1961,Feb,Helena,47,26
1961,Nov,Helena,39,17
1961,Dec,Helena,32,14
1962,Jan,Helena,26,6
1962,Feb,Helena,34,15
1962,Nov,Helena,47,26
1962,Dec,Helena,38,20
1963,Jan,Helena,22,-1
1963,Feb,Helena,46,24
1963,Nov,Helena,46,23
1963,Dec,Helena,28,6
1964,Jan,Helena,32,12
1964,Feb,Helena,36,18
1964,Nov,Helena,43,18
1964,Dec,Helena,31,7
1965,Jan,Helena,37,22
1965,Feb,Helena,39,14
1965,Nov,Helena,46,23
1965,Dec,Helena,38,17
1966,Jan,Helena,30,11
1966,Feb,Helena,38,16
1966,Nov,Helena,46,22
1966,Dec,Helena,37,18
1967,Jan,Helena,38,19
1967,Feb,Helena,43,23
1967,Nov,Helena,43,23
1967,Dec,Helena,30,8
1968,Jan,Helena,27,4
1968,Feb,Helena,38,20
1968,Nov,Helena,44,23
1968,Dec,Helena,26,7
1969,Jan,Helena,17,-3
1969,Feb,Helena,25,4
1969,Nov,Helena,46,21
1969,Dec,Helena,36,16
1970,Jan,Helena,29,9
1970,Feb,Helena,43,22
1970,Nov,Helena,41,17
1970,Dec,Helena,30,11
1971,Jan,Helena,27,10
1971,Feb,Helena,37,20
1971,Nov,Helena,45,22
1971,Dec,Helena,27,5
1972,Jan,Helena,24,1
1972,Feb,Helena,36,17
1972,Nov,Helena,40,22
1972,Dec,Helena,23,4
1973,Jan,Helena,28,7
1973,Feb,Helena,35,11
1973,Nov,Helena,32,17
1973,Dec,Helena,36,20
1974,Jan,Helena,27,9
1974,Feb,Helena,42,24
1974,Nov,Helena,45,25
1974,Dec,Helena,37,19
1975,Jan,Helena,31,12
1975,Feb,Helena,24,3
1975,Nov,Helena,41,19
1975,Dec,Helena,34,18
1976,Jan,Helena,34,15
1976,Feb,Helena,40,19
1976,Nov,Helena,46,22
1976,Dec,Helena,38,19
1977,Jan,Helena,28,8
1977,Feb,Helena,46,22
1977,Nov,Helena,42,20
1977,Dec,Helena,31,11
1978,Jan,Helena,26,8
1978,Feb,Helena,32,13
1978,Nov,Helena,33,12
1978,Dec,Helena,25,6
1979,Jan,Helena,11,-9
1979,Feb,Helena,31,9
1979,Nov,Helena,40,18
1979,Dec,Helena,40,16
1980,Jan,Helena,24,5
1980,Feb,Helena,34,17
1980,Nov,Helena,47,23
1980,Dec,Helena,38,16
1981,Jan,Helena,38,19
1981,Feb,Helena,41,19
1981,Nov,Helena,48,25
1981,Dec,Helena,34,16
1982,Jan,Helena,27,6
1982,Feb,Helena,35,12
1982,Nov,Helena,37,17
1982,Dec,Helena,31,14
1983,Jan,Helena,40,21
1983,Feb,Helena,46,24
1983,Nov,Helena,44,26
1983,Dec,Helena,15,-4
1984,Jan,Helena,35,19
1984,Feb,Helena,44,21
1984,Nov,Helena,44,22
1984,Dec,Helena,22,1
1985,Jan,Helena,23,2
1985,Feb,Helena,29,8
1985,Nov,Helena,22,3
1985,Dec,Helena,24,6
1986,Jan,Helena,36,15
1986,Feb,Helena,32,11
1986,Nov,Helena,41,17
1986,Dec,Helena,30,7
1987,Jan,Helena,35,12
1987,Feb,Helena,44,20
1987,Nov,Helena,47,22
1987,Dec,Helena,35,15
1988,Jan,Helena,30,8
1988,Feb,Helena,40,18
1988,Nov,Helena,43,24
1988,Dec,Helena,33,13
1989,Jan,Helena,35,14
1989,Feb,Helena,15,-3
1989,Nov,Helena,48,26
1989,Dec,Helena,34,14
1990,Jan,Helena,38,19
1990,Feb,Helena,39,14
1990,Nov,Helena,49,25
1990,Dec,Helena,26,2
1991,Jan,Helena,29,9
1991,Feb,Helena,49,26
1991,Nov,Helena,40,19
1991,Dec,Helena,33,13
1992,Jan,Helena,35,12
1992,Feb,Helena,46,22
1992,Nov,Helena,41,24
1992,Dec,Helena,25,4
1993,Jan,Helena,22,3
1993,Feb,Helena,25,5
1993,Nov,Helena,37,17
1993,Dec,Helena,40,20
1994,Jan,Helena,41,19
1994,Feb,Helena,34,7
1994,Nov,Helena,39,18
1994,Dec,Helena,34,13
1995,Jan,Helena,33,12
1995,Feb,Helena,43,18
1995,Nov,Helena,46,23
1995,Dec,Helena,34,12
1996,Jan,Helena,21,-1
1996,Feb,Helena,33,9
1996,Nov,Helena,34,12
1996,Dec,Helena,26,7
1997,Jan,Helena,24,3
1997,Feb,Helena,36,20
1997,Nov,Helena,42,21
1997,Dec,Helena,35,14
1998,Jan,Helena,33,10
1998,Feb,Helena,42,20
1998,Nov,Helena,43,26
1998,Dec,Helena,34,15
1999,Jan,Helena,38,16
1999,Feb,Helena,42,23
1999,Nov,Helena,52,26
1999,Dec,Helena,37,19
2000,Jan,Helena,35,15
2000,Feb,Helena,41,17
2000,Nov,Helena,31,13
2000,Dec,Helena,26,7
2001,Jan,Helena,29,11
2001,Feb,Helena,27,8
2001,Nov,Helena,51,28
2001,Dec,Helena,33,16
2002,Jan,Helena,38,21
2002,Feb,Helena,42,18
2002,Nov,Helena,44,26
2002,Dec,Helena,36,20
2003,Jan,Helena,38,20
2003,Feb,Helena,34,17
2003,Nov,Helena,39,18
2003,Dec,Helena,37,20
2004,Jan,Helena,24,6
2004,Feb,Helena,37,21
2004,Nov,Helena,46,25
2004,Dec,Helena,39,20
2005,Jan,Helena,25,7
2005,Feb,Helena,43,19
2005,Nov,Helena,44,25
2005,Dec,Helena,28,11
2006,Jan,Helena,44,27
2006,Feb,Helena,40,18
2006,Nov,Helena,43,22
2006,Dec,Helena,36,18
2007,Jan,Helena,35,16
2007,Feb,Helena,36,19
2007,Nov,Helena,44,25
2007,Dec,Helena,37,19
2008,Jan,Helena,31,9
2008,Feb,Helena,40,20
2008,Nov,Helena,50,31
2008,Dec,Helena,29,11
2009,Jan,Helena,37,18
2009,Feb,Helena,43,22
2009,Nov,Helena,48,25
2009,Dec,Helena,20,2
2010,Jan,Helena,28,12
2010,Feb,Helena,36,19
2010,Nov,Helena,37,18
2010,Dec,Helena,27,9
2011,Jan,Helena,35,18
2011,Feb,Helena,32,11
2011,Nov,Helena,43,21
2011,Dec,Helena,36,16
2012,Jan,Helena,37,16
2012,Feb,Helena,37,19
2012,Nov,Helena,44,25
2012,Dec,Helena,33,16
2013,Jan,Helena,33,14
2013,Feb,Helena,41,23
2013,Nov,Helena,44,23
2013,Dec,Helena,33,15
2014,Jan,Helena,39,19
2014,Feb,Helena,26,7
2014,Nov,Helena,39,18
2014,Dec,Helena,35,17
2015,Jan,Helena,34,15
2015,Feb,Helena,45,24
2015,Nov,Helena,40,22
2015,Dec,Helena,32,15
2016,Jan,Helena,32,16
2016,Feb,Helena,48,28
2016,Nov,Helena,53,29
2016,Dec,Helena,24,6
2017,Jan,Helena,21,2
2017,Feb,Helena,34,15
2017,Nov,Helena,41,22
2017,Dec,Helena,26,10
2018,Jan,Helena,32,14
2018,Feb,Helena,27,5
2018,Nov,Helena,43,23
2018,Dec,Helena,37,19
2019,Jan,Helena,35,14
2019,Feb,Helena,16,-2
2019,Nov,Helena,42,21
2019,Dec,Helena,39,21
2020,Jan,Helena,39,20
2020,Feb,Helena,42,22
2020,Nov,Helena,47,24
2020,Dec,Helena,41,21
2021,Jan,Helena,40,21
2021,Feb,Helena,27,10
2021,Nov,Helena,51,29
2021,Dec,Helena,35,15
2022,Jan,Helena,36,15
2022,Feb,Helena,37,16
2022,Nov,Helena,31,12
2022,Dec,Helena,28,9
2023,Jan,Helena,33,17
2023,Feb,Helena,38,17
2023,Nov,Helena,48,26
2023,Dec,Helena,42,22
2024,Jan,Helena,28,9
2024,Feb,Helena,38,20
2024,Nov,Helena,45,26
2024,Dec,Helena,44,26
2025,Jan,Helena,29,11
2025,Feb,Helena,24,6
2025,Nov,Helena,49,28
2025,Dec,Helena,44,24
2026,Jan,Helena,42,23
